Full   Name   ,  Phone,Email,Age,   Experience,Yearly Income,  Has children,License states,Expiration date,License number
sdfgdg,+11234567890,  cooper@pr.com,30,2,1200.11,FALSE,  HI| Colorado | Hawaii,29.03.2020,1xr567
  Alex Cho2 ,10987654321,  alEx@Cho.com,26,25,1200,TRUE, Colorado | Hawaii,05/02/2021,1a2b83c
  Alex Cho2 ,10987654321,  alEx@Ch1o.com,25,25,45624,TRUE, Colorado | Hawaii,03/29/2020,1a2b83c
  Alex Cho2 ,10987654321,  alEx@C2ho.com,26,25,10,TRUE, Colorado | Hawaii,03/29/2020,1a2b83c
  Alex Cho89 ,10287654321,  alE@Cho.com,26,25,1200,TRUE, Colorado | Hawaii,03/29/2020,1a2b83c
  Alex Cho98 ,10387654321,  alx@Cho.com,26,25,2,TRUE, Colorado | Hawaii,03/29/2023,1a2b83c
  Alex Cho3 ,1238546789,  alEx@Cho.com,26,35,1200.5,true, Colorado | Hawaii,03-29-2020,1a2b3c
  Alex Cho4 ,+1156738294,  alEx@Cho.com,26,25,1200.552,false, Colorado | Hawaii,03/29/2020,1a2b3c
  Alex Cho5 ,546834687,  alEx#Cho.com,19,25,1200.552,, Colorado | Hawaii, 2026-12-30  ,1a2bc
  Alex Cho5 ,546834687,  alEx#Cho.com,19,25,1200.552,, Colorado | Hawaii, 2020-12-30  ,1a2bc
sfs ,546834687,  alEx#Cho.com,19,25,1200.552,, Colorado | Hawaii, 2020-12-30  ,1a2bc
